Kanji,Hiragana,NghiaTiengViet
男性,だんせい,đàn ông
女性,じょせい,đàn bà
男女,だんじょ,đàn ông và đàn bà
性別,せいべつ,giới tính
高齢,こうれい,cao tuổi
元気,げんき,khỏe mạnh
年上,としうえ,hơn tuổi
年下,としした,ít tuổi hơn
年長,ねんちょう,nhiều tuổi hơn
目上,めうえ,người trên
敬語,けいご,lời kính ngữ
先輩,せんぱい,đàn anh/đàn chị
後輩,こうはい,đàn em
上司,じょうし,cấp trên
部下,ぶか,cấp dưới
同僚,どうりょう,đồng nghiệp
相手,あいて,người hội thoại/đối thủ
知り合い,しりあい,người quen
知人,ちじん,người quen
友人,ゆうじん,bạn
親友,しんゆう,bạn thân
仲,なか,quan hệ
生年月日,せいねんがっぴ,ngày tháng năm sinh
誕生日,たんじょうび,sinh nhật
誕生,たんじょう,sinh ra/ra đời
年,とし,năm/tuổi
年齢,ねんれい,tuổi
出身,しゅっしん,xuất thân
故郷,こきょう,quê hương
成長,せいちょう,trưởng thành/tăng trưởng
成人,せいじん,người trưởng thành
合格,ごうかく,đỗ/đạt
進学,しんがく,học lên
退学,たいがく,thôi học
就職,しゅうしょく,được tuyển dụng/làm việc
退職,たいしょく,thôi việc
失業,しつぎょう,thất nghiệp
残業,ざんぎょう,việc làm thêm giờ
生活,せいかつ,sinh hoạt/cuộc sống
通勤,つうきん,đi làm
学歴,がくれき,trình độ học vấn
給料,きゅうりょう,lương
面接,めんせつ,phỏng vấn
休憩,きゅうけい,nghỉ
観光,かんこう,tham quan/du lịch
帰国,きこく,về nước
帰省,きせい,về quê
帰宅,きたく,về nhà
参加,さんか,tham gia
出席,しゅっせき,tham dự
欠席,けっせき,không tham dự
遅刻,ちこく,đi muộn
化粧,けしょう,trang điểm
計算,けいさん,tính toán
計画,けいかく,kế hoạch
成功,せいこう,thành công
失敗,しっぱい,thất bại
準備,じゅんび,chuẩn bị
整理,せいり,sắp xếp
注文,ちゅうもん,đặt hàng
貯金,ちょきん,để dành tiền
徹夜,てつや,thức thâu đêm
引っ越し,ひっこし,chuyển nhà
身長,しんちょう, chiều cao
体重,たいじゅう,cân nặng
けが,,vết thương
会,かい,buổi tiệc
趣味,しゅみ,sở thích
興味,きょうみ,quan tâm
思い出,おもいで,kỷ niệm
冗談,じょうだん,đùa
目的,もくてき,mục đích
約束,やくそく,hẹn
おしゃべり,,nói chuyện
遠慮,えんりょ,giữ ý
我慢,がまん, chịu đựng
迷惑,めいわく,phiền hà
希望,きぼう,hy vọng
男性,だんせい,đàn ông
女性,じょせい,đàn bà
男女,だんじょ,đàn ông và đàn bà
性別,せいべつ,giới tính
高齢,こうれい,cao tuổi
元気,げんき,khỏe mạnh
年上,としうえ,hơn tuổi
年下,としした,ít tuổi hơn
年長,ねんちょう,nhiều tuổi hơn
目上,めうえ,người trên
敬語,けいご,lời kính ngữ
先輩,せんぱい,đàn anh/đàn chị
後輩,こうはい,đàn em
上司,じょうし,cấp trên
部下,ぶか,cấp dưới
同僚,どうりょう,đồng nghiệp
相手,あいて,người hội thoại/đối thủ
知り合い,しりあい,người quen
知人,ちじん,người quen
友人,ゆうじん,bạn
親友,しんゆう,bạn thân
仲,なか,quan hệ
生年月日,せいねんがっぴ,ngày tháng năm sinh
誕生日,たんじょうび,sinh nhật
誕生,たんじょう,sinh ra/ra đời
年,とし,năm/tuổi
年齢,ねんれい,tuổi
出身,しゅっしん,xuất thân
故郷,こきょう,quê hương
成長,せいちょう,trưởng thành/tăng trưởng
成人,せいじん,người trưởng thành
合格,ごうかく,đỗ/đạt
進学,しんがく,học lên
退学,たいがく,thôi học
就職,しゅうしょく,được tuyển dụng/làm việc
退職,たいしょく,thôi việc
失業,しつぎょう,thất nghiệp
残業,ざんぎょう,việc làm thêm giờ
生活,せいかつ,sinh hoạt/cuộc sống
通勤,つうきん,đi làm
学歴,がくれき,trình độ học vấn
給料,きゅうりょう,lương
面接,めんせつ,phỏng vấn
休憩,きゅうけい,nghỉ
観光,かんこう,tham quan/du lịch
帰国,きこく,về nước
帰省,きせい,về quê
夢,ゆめ,giấc mơ
賛成,さんせい,tán thành
反対,はんたい,ngược
想像,そうぞう,tưởng tượng
努力,どりょく,nỗ lực
太陽,たいよう,mặt trời
地球,ちきゅう,trái đất địa cầu
温度,おんど,nhiệt độ
湿度,しつど,độ ẩm
湿気,しっけ,hơi ẩm khí ẩm
梅雨,つゆ,mùa mưa
かび,カビ,nấm mốc
暖房,だんぼう,máy sưởi hệ thống sưởi
皮,かわ,vỏ da
缶,かん,lon hộp (kim loại)
画面,がめん,màn hình
番組,ばんぐみ,chương trình (TV radio)
記事,きじ,bài báo ký sự
近所,きんじょ,hàng xóm vùng lân cận
警察,けいさつ,cảnh sát
犯人,はんにん,thủ phạm tội phạm
小銭,こぜに,tiền lẻ
ご馳走,ごちそう,chiêu đãi bữa ăn thịnh soạn
作者,さくしゃ,tác giả
作品,さくひん,tác phẩm
制服,せいふく,đồng phục
洗剤,せんざい,chất tẩy rửa bột giặt
底,そこ,đáy
地下,ちか,dưới lòng đất ngầm 
寺,てら,chùa
道路,どうろ,con đường đường sá
坂,さか,con dốc
煙,けむり,khói
灰,はい,tro tàn
判,はん,con dấu
名刺,めいし,danh thiếp
免許,めんきょ,giấy phép bằng lái
多く,おおく,nhiều
前半,ぜんはん,phần đầu hiệp một
後半,こうはん,phần sau hiệp hai
最高,さいこう,cao nhất tuyệt vời
最低,さいてい,thấp nhất tồi tệ nhất
最初,さいしょ,đầu tiên lúc đầu
最後,さいご,cuối cùng
自動,じどう,tự động
種類,しゅるい,chủng loại loại
性格,せいかく,tính cách
性質,せいしつ,tính chất đặc tính
順番,じゅんばん,thứ tự lần lượt
番,ばん,lượt phiên
方法,ほうほう,phương pháp cách thức
製品,せいひん,sản phẩm
値上がり,ねあがり,tăng giá
生,なま,sống tươi (chưa qua chế biến)
渇く,かわく,khát (nước)
嗅ぐ,かぐ,ngửi
叩く,たたく,đánh đập vỗ
殴る,なぐる,đấm
蹴る,ける,đá
抱く,だく,ôm bế
倒れる,たおれる,đổ ngã gục ngã lâm bệnh
倒す,たおす,làm đổ đánh bại
起きる,おきる,dậy thức dậy
起こる,おこる,xảy ra phát sinh
起こす,おこす,đánh thức dựng dậy gây ra
尋ねる,たずねる,hỏi hỏi thăm
呼ぶ,よぶ,gọi kêu thu hút
叫ぶ,さけぶ,kêu gào la hét
黙る,だまる,im lặng làm thinh
飼う,かう,nuôi (thú cưng)
数える,かぞえる,đếm liệt kê
乾く,かわく,khô
乾かす,かわかす,làm khô sấy khô
畳む,たたむ,gấp xếp
誘う,さそう,rủ mời
おごる,おごる,chiêu đãi khao
預かる,あずかる,giữ trông nom chăm sóc (giùm)
預ける,あずける,gửi giao phó
決まる,きまる,được quyết định được xác định được làm hoàn hảo
決める,きめる,quyết định luôn làm làm hoàn hảo
写る,うつる,chụp được (ảnh) hiện lên (ảnh)
写す,うつす,chụp (ảnh) sao chép
思い出す,おもいだす,nhớ lại hồi tưởng
教わる,おそわる,được dạy học (từ ai đó)
申し込む,もうしこむ,đăng ký đề nghị
断る,ことわる,từ chối. xin phép
見つかる,みつかる,được tìm thấy. bị phát hiện
見つける,みつける,tìm thấy. tìm ra
捕まる,つかまる,bị bắt. nắm chặt
捕まえる,つかまえる,bắt. tóm
乗る,のる,lên (xe). đi (phương tiện)
乗せる,のせる,chở đi. cho lên xe
降りる,おりる,xuống (xe. tàu). đi xuống
下りる,おりる,đi xuống. hạ xuống. được cấp phép
降ろす,おろす,cho xuống (xe). hạ xuống. lấy ra (đồ)
下ろす,おろす,hạ xuống. rút (tiền)
直る,なおる,được sửa chữa. cải thiện (thói quen)
直す,なおす,sửa chữa .chỉnh sửa. dịch
治る,なおる,khỏi bệnh .lành (vết thương)
治す,なおす,chữa bệnh .làm cho khỏi
亡くなる,なくなる,chết. qua đời
亡くす,なくす,mất (người thân)
生まれる,うまれる,được sinh ra. ra đời
産む,うむ,đẻ. sinh (con)
生む,うむ,tạo ra. sản sinh ra
出会う,であう,gặp gỡ (tình cờ). hội ngộ
訪ねる,たずねる,đến thăm. viếng thăm
付き合う,つきあう,kết giao. giao du. hẹn hò
効く,きく,có hiệu quả/có tác dụng
はやる,はやる,thịnh hành/phổ biến/(dịch bệnh) lây lan
経つ,たつ,trôi qua/trải qua (thời gian)
間に合う,まにあう,kịp giờ/vừa đủ
間に合わせる,まにあわせる,làm cho kịp giờ/hoàn thành đúng hạn
通う,かよう,đi lại thường xuyên (học/làm)/hiểu (tâm tư)
混む,こむ,đông đúc
擦れ違う,すれちがう,đi lướt qua nhau/lệch nhau/không gặp được
掛かる,かかる,được phủ/tốn (thời gian/tiền)/mắc (bệnh)/khởi động (động cơ)
掛ける,かける,phủ lên/dành (thời gian)/khởi động/nhân (số)
動く,うごく,di chuyển/hoạt động/làm việc (máy móc)/hành động
動かす,うごかす,di chuyển/làm cho hoạt động/vận hành/lay động
離れる,はなれる,cách xa/rời xa/chênh lệch (tuổi)
離す,はなす,tách ra/buông ra/để xa ra
ぶつかる,ぶつかる,va chạm/xung đột/trùng (lịch)
ぶつける,ぶつける,đâm vào/va vào
こぼれる,こぼれる,bị đổ/bị tràn ra/(nước mắt) rơi
こぼす,こぼす,làm đổ/làm tràn/đánh rơi (nước mắt)
拭く,ふく,lau/chùi
片付く,かたづく,được dọn dẹp ngăn nắp/được giải quyết xong
片付ける,かたづける,dọn dẹp/giải quyết
包む,つつむ,bọc/gói
貼る,はる,dán
無くなる,なくなる,bị mất/hết
無くす,なくす,làm mất
足りる,たりる,đủ
残る,のこる,còn lại/sót lại
残す,のこす,để lại/chừa lại
腐る,くさる,thiu/hỏng/mục nát
むける,むける,bóc ra/lột ra (da)
むく,むく,bóc/lột (vỏ)
滑る,すべる,trượt (patin/tuyết)/trơn trượt
積もる,つもる,tích tụ/chất đống (tuyết/bụi)
積む,つむ,chất lên/xếp lên/tích lũy (kinh nghiệm)
空く,あく,thủng (lỗ)/trống (chỗ)/rảnh (thời gian)
空ける,あける,đục (lỗ)/để trống (chỗ)/dành (thời gian)
下がる,さがる,hạ xuống/giảm xuống/lùi lại
下げる,さげる,hạ xuống/làm giảm/mang đi (đồ ăn)
冷える,ひえる,lạnh đi/cảm thấy lạnh
冷やす,ひやす,làm lạnh/giữ bình tĩnh
冷める,さめる,nguội đi/mất đi (nhiệt huyết/đam mê)
冷ます,さます,làm nguội/để nguội
燃える,もえる,cháy/bừng cháy (đam mê)
燃やす,もやす,đốt cháy/thắp lên (đam mê)
沸く,わく,sôi/nóng lên (nước tắm)/trở nên sôi nổi (không khí)
沸かす,わかす,làm sôi/chuẩn bị (nước tắm)/làm cho sôi nổi
鳴る,なる,kêu/reo (sấm/chuông)
鳴らす,ならす,làm cho kêu/bấm (chuông)
役立つ,やくだつ,có ích/hữu ích
役に立つ,やくにたつ,có ích/hữu ích
役立てる,やくだてる,tận dụng/làm cho có ích
役に立てる,やくにたてる,tận dụng/làm cho có ích
飾り,かざり,đồ trang trí/việc trang trí
遊び,あそび,trò chơi/cuộc chơi/việc chơi
集まり,あつまり,buổi họp/sự tụ tập
教え,おしえ,điều dạy bảo/lời dạy
踊り,おどり,điệu múa/việc múa
思い,おもい,suy nghĩ/tình cảm/cảm xúc
考え,かんがえ,suy nghĩ/ý tưởng/quan điểm
片付け,かたづけ,việc dọn dẹp/sự sắp xếp
手伝い,てつだい,sự giúp đỡ/người giúp việc
働き,はたらき,chức năng/hoạt động/công sức/việc làm
決まり,きまり,quy định/luật lệ
騒ぎ,さわぎ,sự ồn ào/vụ náo động
知らせ,しらせ,tin tức/thông báo
頼み,たのみ,sự nhờ vả/yêu cầu
疲れ,つかれ,sự mệt mỏi/cơn mệt
違い,ちがい,sự khác nhau/điểm khác biệt
始め,はじめ,sự bắt đầu/lúc đầu
続き,つづき,phần tiếp theo/sự tiếp tục
暮れ,くれ,cuối (năm/ngày)/lúc chiều tối
行き,いき,chiều đi/lượt đi
帰り,かえり,chiều về/lượt về
急ぎ,いそぎ,việc gấp/sự khẩn cấp
遅れ,おくれ,sự chậm trễ/sự muộn
貸し,かし,việc cho vay/khoản cho vay/món nợ (mình cho vay)
借り,かり,việc vay/khoản vay/món nợ (mình vay)
勝ち,かち,sự chiến thắng/phần thắng
負け,まけ,sự thua cuộc/phần thua
迎え,むかえ,việc đón/người đi đón
始まり,はじまり,sự bắt đầu/khởi đầu
終わり,おわり,sự kết thúc/phần cuối
戻り,もどり,sự trở về/việc quay lại
別れ,わかれ,sự chia tay/cuộc chia ly
喜び,よろこび,niềm vui/sự vui mừng
楽しみ,たのしみ,niềm vui/sự mong đợi/điều thú vị
笑い,わらい,tiếng cười/nụ cười/sự cười
驚き,おどろき,sự ngạc nhiên/điều bất ngờ
怒り,いかり,sự tức giận/cơn giận
悲しみ,かなしみ,nỗi buồn/sự đau buồn
幸せな,しあわせな,hạnh phúc
得意な,とくいな,giỏi/tự hào/đắc ý
苦手な,にがてな,kém/yếu/không thoải mái với
熱心な,ねっしんな,nhiệt tình/say mê/chăm chỉ
夢中な,むちゅうな,say mê/mải mê/chìm đắm
Kanji,Hiragana,NghiaTiengViet
退屈な,たいくつな,buồn tẻ/chán ngắt
健康な,けんこうな,khỏe mạnh
苦しい,くるしい,khó khăn/vất vả/đau khổ
平気な,へいきな,bình thản/không sao/không hề hấn
悔しい,くやしい,bực bội/cay cú/tiếc nuối
羨ましい,うらやましい,ghen tị/thèm muốn
かゆい,かゆい,ngứa
大人しい,おとなしい,hiền lành/ngoan ngoãn/trầm tính
我慢強い,がまんづよい,giỏi chịu đựng/kiên nhẫn
正直な,しょうじきな,thật thà/trung thực
けちな,けちな,keo kiệt/bủn xỉn
我がままな,わがままな,ích kỷ/tùy tiện/ương bướng
積極的な,せっきょくてきな,tích cực/năng nổ
消極的な,しょうきょくてきな,tiêu cực/thụ động
満足な,まんぞくな,thỏa mãn/hài lòng/đầy đủ
不満な,ふまんな,bất mãn/không hài lòng
Kanji,Hiragana,NghiaTiengViet
不安な,ふあんな,bất an/lo lắng
大変な,たいへんな,vất vả/kinh khủng/ghê gớm
無理な,むりな,vô lý/không thể/quá sức/cưỡng ép
不注意な,ふちゅういな,bất cẩn/không chú ý
楽な,らくな,dễ chịu/thoải mái/dễ dàng/nhàn hạ
面倒な,めんどうな,phiền phức/rắc rối/khó chịu
失礼な,しつれいな,bất lịch sự/vô lễ/(khi hỏi) xin lỗi
当然な,とうぜんな,đương nhiên/tất nhiên
意外な,いがいな,không ngờ/ngạc nhiên/ngoài dự đoán
結構な,けっこうな,tốt/được/đủ rồi/không cần (khách sáo)
派手な,はでな,sặc sỡ/lòe loẹt/phô trương
地味な,じみな,giản dị/đơn sơ/mộc mạc/trầm
おしゃれな,おしゃれな,thời trang/sành điệu/chưng diện
変な,へんな,kỳ lạ/khác thường/kỳ quặc
不思議な,ふしぎな,kỳ diệu/bí ẩn/lạ lùng/khó hiểu
ましな,ましな,tốt hơn/đỡ hơn
無駄な,むだな,vô ích/lãng phí/thừa thãi
自由な,じゆうな,tự do
不自由な,ふじゆうな,tàn tật/bất tiện/thiếu thốn/gò bó
暖まる,あたたまる,ấm lên/nóng lên
温まる,あたたまる,ấm lên/nóng lên (thường dùng cho cơ thể/tâm trạng)
暖める,あたためる,làm ấm/làm nóng
温める,あたためる,làm ấm/làm nóng (thường dùng cho đồ ăn/cơ thể)
高まる,たかまる,cao lên/tăng lên/dâng lên
高める,たかめる,nâng cao/làm tăng lên
強まる,つよまる,mạnh lên
強める,つよめる,làm mạnh lên/tăng cường
弱まる,よわまる,yếu đi/giảm đi
弱める,よわめる,làm yếu đi/giảm bớt
広まる,ひろまる,lan rộng/được truyền bá/phổ biến
広める,ひろめる,truyền bá/phổ biến rộng rãi/mở rộng
深まる,ふかまる,sâu sắc thêm/sâu đậm thêm/trở nên sâu hơn
深める,ふかめる,làm sâu sắc thêm/làm sâu đậm thêm/đào sâu
世話,せわ,chăm sóc/giúp đỡ/quan tâm
家庭,かてい,gia đình/nhà
協力,きょうりょく,hợp tác/chung sức
感謝,かんしゃ,cảm tạ/biết ơn
礼,れい,lời cảm ơn/quà cảm ơn
お礼,おれい,lời cảm ơn/quà cảm ơn
詫び,わび,lời xin lỗi
お詫び,おわび,lời xin lỗi
お辞儀,おじぎ,sự cúi chào
握手,あくしゅ,bắt tay
意地悪,いじわる,trêu trọc/chơi xấu/tâm địa xấu
いたずら,いたずら,nghịch ngợm/trò nghịch
節約,せつやく,tiết kiệm
経営,けいえい,kinh doanh/quản lý
反省,はんせい,tự kiểm điểm/nhìn lại bản thân
実行,じっこう,thực hiện/thi hành
進歩,しんぽ,tiến bộ/phát triển
変化,へんか,thay đổi/biến hóa
発達,はったつ,phát triển/tăng trưởng
体力,たいりょく,thể lực/sức khỏe
出場,しゅつじょう,tham dự/ra sân (thi đấu)
活躍,かつやく,hoạt động nổi bật/thành công
競争,きょうそう,cạnh tranh/ganh đua
応援,おうえん,cổ vũ/ủng hộ
拍手,はくしゅ,vỗ tay
人気,にんき,sự hâm mộ/sự yêu thích/phổ biến
うわさ,うわさ,tin đồn/lời đồn
情報,じょうほう,thông tin
交換,こうかん,trao đổi/thay thế
流行,りゅうこう,thịnh hành/mốt/lây lan (dịch bệnh)
宣伝,せんでん,tuyên truyền/quảng cáo
広告,こうこく,quảng cáo
注目,ちゅうもく,chú ý/quan tâm
通訳,つうやく,thông dịch (nói)/người thông dịch
翻訳,ほんやく,biên dịch (viết)/người biên dịch
伝言,でんごん,lời nhắn/tin nhắn
報告,ほうこく,báo cáo
録画,ろくが,ghi hình/quay video
混雑,こんざつ,hỗn잡/đông đúc/tắc nghẽn
渋滞,じゅうたい,tắc đường/kẹt xe
衝突,しょうとつ,va chạm/xung đột/đâm vào
被害,ひがい,thiệt hại
事故,じこ,tai nạn/sự cố
事件,じけん,vụ án/sự việc
故障,こしょう,hỏng hóc/trục trặc
修理,しゅうり,sửa chữa
停電,ていでん,mất điện
調子,ちょうし,tình trạng/phong độ/giọng điệu
緊張,きんちょう,căng thẳng/hồi hộp
自信,じしん,tự tin
自慢,じまん,tự hào/hãnh diện/khoe khoang
感心,かんしん,khâm phục/ngưỡng mộ/đáng khen
感動,かんどう,cảm động/xúc động
興奮,こうふん,phấn khích/hưng phấn
感想,かんそう,cảm tưởng/ấn tượng
予想,よそう,dự đoán/phỏng đoán
専門,せんもん,chuyên môn
研究,けんきゅう,nghiên cứu
調査,ちょうさ,điều tra/khảo sát
原因,げんいん,nguyên nhân
結果,けっか,kết quả
解決,かいけつ,giải quyết
確認,かくにん,xác nhận/kiểm tra
利用,りよう,sử dụng/lợi dụng
理解,りかい,hiểu/lý giải
発見,はっけん,phát hiện/tìm ra
発明,はつめい,phát minh
関係,かんけい,quan hệ/liên quan
団体,だんたい,đoàn thể/nhóm
選挙,せんきょ,bầu cử/cuộc bầu cử
税金,ぜいきん,thuế
責任,せきにん,trách nhiệm
書類,しょるい,tài liệu/giấy tờ/hồ sơ
題名,だいめい,tiêu đề/nhan đề
条件,じょうけん,điều kiện
締め切り,しめきり,hạn chót/hạn cuối
期間,きかん,thời gian/giai đoạn/kỳ
倍,ばい,gấp đôi/lần
くじ,くじ,xổ số/bốc thăm
近道,ちかみち,đường tắt
中心,ちゅうしん,trung tâm/trọng tâm
辺り,あたり,xung quanh/vùng lân cận/khoảng
周り,まわり,xung quanh/chu vi
回り,まわり,xung quanh/vòng quanh
穴,あな,lỗ/hố
列,れつ,hàng/dãy
幅,はば,chiều rộng/phạm vi/khoảng (cách)
範囲,はんい,phạm vi/giới hạn
内容,ないよう,nội dung
中身,なかみ,bên trong/nội dung (cốt lõi)
特徴,とくちょう,đặc trưng/đặc điểm
普通,ふつう,thông thường/bình thường 
400. 当たり前,あたりまえ,đương nhiên/hiển nhiên/tất nhiên
偽,にせ,giả/đồ giả
別,べつ,khác/riêng biệt
国籍,こくせき,quốc tịch
東洋,とうよう,phương Đông/Đông Dương
西洋,せいよう,phương Tây/Tây Dương
国際,こくさい,quốc tế
自然,しぜん,tự nhiên/thiên nhiên
景色,けしき,phong cảnh/cảnh sắc
宗教,しゅうきょう,tôn giáo
愛,あい,tình yêu/yêu
Kanji,Hiragana,NghiaTiengViet
届く,とどく,được gửi đến/đến nơi/với tới
届ける,とどける,gửi đến/đưa đến/thông báo
かく,かく,gãi/đổ (mồ hôi)/ngáy/chịu (xấu hổ)
掻く,かく,gãi/cào
掴む,つかむ,nắm lấy/tóm lấy/giành được/hiểu được
握る,にぎる,nắm chặt/cầm/nắm (quyền)
押さえる,おさえる,giữ/ấn/đè/níu
近づく,ちかづく,đến gần/tiếp cận/sắp đến
近づける,ちかづける,mang đến gần/cho lại gần
合う,あう,gặp (mắt)/hợp/vừa/khớp
合わせる,あわせる,kết hợp/điều chỉnh/so (đáp án)/đặt (đồng hồ)
当たる,あたる,trúng/đúng (dự đoán)/chiếu vào (ánh nắng)/gặp phải
当てる,あてる,đánh trúng/đoán trúng/phơi (nắng)/áp vào
比べる,くらべる,so sánh
似合う,にあう,hợp/vừa (quần áo)
似る,にる,giống
似せる,にせる,bắt chước/làm cho giống
分かれる,わかれる,được chia ra/chia tay/khác biệt
分ける,わける,chia/phân chia/rẽ (đám đông)
足す,たす,thêm vào/cộng vào
引く,ひく,kéo/dắt/kẻ (đường)/trừ/tra (từ điển)/bị (cảm)
増える,ふえる,tăng lên
増やす,ふやす,làm tăng lên
減る,へる,giảm xuống
減らす,へらす,làm giảm xuống
変わる,かわる,thay đổi/biến đổi
変える,かえる,thay đổi/biến đổi (cái gì đó)
替わる,かわる,thay thế/đổi chỗ (vị trí)
代わる,かわる,thay thế/làm thay (ai đó)
換わる,かわる,thay thế/đổi (tiền tệ. đồ vật)
替える,かえる,thay thế/đổi (đồ vật)
代える,かえる,thay thế (người. vai trò)
換える,かえる,đổi (tiền tệ. đồ vật)
返る,かえる,được trả lại
返す,かえす,trả lại
譲る,ゆずる,nhường (ghế)/nhượng lại/để lại (tài sản)
助かる,たすかる,được cứu sống/được giúp đỡ/may quá
助ける,たすける,cứu/giúp đỡ
いじめる,いじめる,bắt nạt/ăn hiếp
だます,だます,lừa gạt/lừa dối
盗む,ぬすむ,ăn trộm/ăn cắp
刺さる,ささる,bị đâm vào/mắc vào
刺す,さす,đâm/chích
殺す,ころす,giết
隠れる,かくれる,ẩn náu/trốn/nấp
451. 隠す,かくす,giấu/che giấu
埋まる,うまる,bị chôn vùi/lấp đầy
埋める,うめる,chôn/lấp/điền vào
囲む,かこむ,vây quanh/bao quanh/khoanh tròn
詰まる,つまる,đầy ắp/bị tắc/thu hẹp lại (khoảng cách)
詰める,つめる,nhét vào/lấp đầy/thu hẹp (khoảng cách)/rút ngắn (chiều dài)
開く,ひらく,(tự) mở/nở (hoa)/tăng lên (khoảng cách)/(tha) mở (sách)/tổ chức (sự kiện)/mở (cửa hàng)
閉じる,とじる,(tự) đóng/(tha) đóng (cửa/sách/mắt)/đóng cửa (kinh doanh)
飛ぶ,とぶ,bay/bắn ra/chạy nhanh đến/bay đến/(trang) bị thiếu/biến mất (dữ liệu)
飛ばす,とばす,cho bay/thổi bay/phun ra (nước bọt)/bỏ qua/nhảy (thứ tự/dòng)
振る,ふる,vẫy (tay)/rắc (muối)/từ chối (lời tỏ tình)
めくる,めくる,lật (trang sách/lịch)
見かける,みかける,nhìn thấy/bắt gặp (tình cờ)
確かめる,たしかめる,xác nhận/kiểm tra (lại cho chắc)
試す,ためす,thử/kiểm tra (năng lực/chất lượng)
繰り返す,くりかえす,lặp lại/nhắc lại
訳す,やくす,dịch (từ ngôn ngữ này sang ngôn ngữ khác)
行う,おこなう,tổ chức/tiến hành/thực hiện
間違う,まちがう,(tự) sai/nhầm lẫn/(tha) làm sai/nhầm
間違える,まちがえる,làm sai/nhầm lẫn (cái gì đó)
許す,ゆるす,tha thứ/cho phép
慣れる,なれる,quen với/trở nên thuần thục/dạn (với người)
慣らす,ならす,làm cho quen/khởi động (cơ thể)/thuần hóa (động vật)
立つ,たつ,đứng/được dựng lên
475. 立てる,たてる,dựng lên/đặt đứng
建つ,たつ,được xây dựng
建てる,たてる,xây dựng
育つ,そだつ,lớn lên/trưởng thành/được đào tạo
育てる,そだてる,nuôi dạy/trồng (cây)/đào tạo
生える,はえる,mọc (tóc/răng/cỏ/nấm mốc)
生やす,はやす,nuôi (râu)/để (râu)
汚れる,よごれる,bị bẩn/bị ô nhiễm
汚す,よごす,làm bẩn/gây ô nhiễm
壊れる,こわれる,bị hỏng/bị vỡ
壊す,こわす,làm hỏng/phá hỏng/làm tổn hại (sức khỏe)
割れる,われる,bị vỡ/bị tách ra/chia rẽ (ý kiến)
割る,わる,làm vỡ/chia/chia (số học)
折れる,おれる,bị gãy/bẻ cong
折る,おる,làm gãy/bẻ gãy/gấp (giấy)
破れる,やぶれる,bị rách
破る,やぶる,làm rách/xé rách/không giữ (lời hứa)/phá (kỷ lục)
曲がる,まがる,cong/quẹo/rẽ
曲げる,まげる,uốn cong/bẻ cong
外れる,はずれる,tuột ra/trật/không trúng (xổ số)/bị loại ra
外す,はずす,tháo ra/cởi ra/làm trật/loại ra
揺れる,ゆれる,rung/lắc/dao động (tâm trạng)
揺らす,ゆらす,làm rung/làm lắc/đu đưa
流れる,ながれる,chảy (nước/mồ hôi)/trôi (đồ vật)/phát (nhạc)/lan truyền (tin đồn)
流す,ながす,cho chảy/xả (nước)/đổ (mồ hôi/nước mắt)/cuốn trôi/phát (nhạc)/lan truyền (tin đồn)
500. 濡れる,ぬれる,bị ướt
501. 濡らす,ぬらす,làm ướt
迷う,まよう,lạc đường/phân vân/do dự
悩む,なやむ,lo lắng/phiền não/khổ tâm
慌てる,あわてる,vội vàng/cuống quýt/luống cuống
覚める,さめる,tỉnh giấc/tỉnh (rượu/mơ)
覚ます,さます,tỉnh giấc/làm cho tỉnh (rượu)
眠る,ねむる,ngủ/chìm vào giấc ngủ
祈る,いのる,cầu nguyện/mong ước
祝う,いわう,chúc mừng/ăn mừng
感じる,かんじる,cảm thấy/cảm nhận
クラスメート,クラスメート,bạn cùng lớp
グループ,グループ,nhóm/đội
チーム,チーム,đội/nhóm (thể thao/công việc)
プロ,プロ,chuyên nghiệp
アマチュア,アマチュア,nghiệp dư
トレーニング,トレーニング,tập luyện/huấn luyện
マッサージ,マッサージ,mát-xa
アドバイス,アドバイス,lời khuyên/khuyên bảo
アイデア,アイデア,ý tưởng/sáng kiến
アイディア,アイディア,ý tưởng/sáng kiến
トップ,トップ,đầu/hàng đầu/số một
スピード,スピード,tốc độ
ラッシュ,ラッシュ,giờ cao điểm/dịp cao điểm
バイク,バイク,xe máy
ヘルメット,ヘルメット,mũ bảo hiểm
コンタクトレンズ,コンタクトレンズ,kính áp tròng
コンタクト,コンタクト,kính áp tròng (viết tắt)
ガラス,ガラス,kính/thủy tinh
プラスチック,プラスチック,nhựa
ベランダ,ベランダ,ban công
ペット,ペット,thú cưng/vật nuôi
ベンチ,ベンチ,ghế dài (công viên/sân ga)
デザイン,デザイン,thiết kế/kiểu dáng
バーゲンセール,バーゲンセール,giảm giá/khuyến mãi (đợt lớn)
バーゲン,バーゲン,giảm giá (viết tắt)
セール,セール,khuyến mãi/giảm giá (viết tắt)
パート,パート,làm thêm/bán thời gian/phần (trong bản nhạc)
コンビニエンスストア,コンビニエンスストア,cửa hàng tiện lợi
コンビニ,コンビニ,cửa hàng tiện lợi (viết tắt)
レジ,レジ,quầy thanh toán/máy tính tiền
レシート,レシート,hóa đơn/biên lai
インスタント,インスタント,ăn liền/tức thì
ファストフード,ファストフード,đồ ăn nhanh
フルーツ,フルーツ,trái cây
デザート,デザート,món tráng miệng
インターネット,インターネット,Internet/mạng
チャイム,チャイム,chuông (cửa/báo giờ)
アナウンス,アナウンス,thông báo (qua loa)
メッセージ,メッセージ,lời nhắn/tin nhắn/thông điệp
パンフレット,パンフレット,tờ rơi quảng cáo/sách giới thiệu mỏng
カード,カード,thẻ (các loại)
インタビュー,インタビュー,phỏng vấn
アンケート,アンケート,bảng câu hỏi điều tra/khảo sát
データ,データ,dữ liệu/số liệu
パーセント,パーセント,phần trăm
濃い,こい,đậm (màu/vị)/nồng (cà phê)/đậm (trang điểm)/rậm (râu)
薄い,うすい,mỏng (sách)/nhạt (màu/vị)/thưa (râu)
酸っぱい,すっぱい,chua
臭い,くさい,hôi/thối/tanh
おかしい,おかしい,buồn cười/kỳ lạ/lạ thường/phi lý
かっこいい,かっこいい,ngầu/bảnh bao/phong cách/đẹp (trai)
うまい,うまい,ngon/giỏi/khéo léo/thuận lợi
親しい,したしい,thân thiết/gần gũi
詳しい,くわしい,chi tiết/tường tận/am hiểu
細かい,こまかい,nhỏ/bé (chữ)/tỉ mỉ/chi tiết/tiền lẻ
浅い,あさい,nông/cạn/ít (kinh nghiệm/kiến thức)/ngắn (thời gian)
固い,かたい,cứng/chắc chắn/kiên quyết/cứng đầu/kín miệng
硬い,かたい,cứng (vật chất)/cứng nhắc (biểu cảm/văn phong)
ぬるい,ぬるい,nguội/âm ấm (không đủ nóng)
まぶしい,まぶしい,chói mắt/rực rỡ/chói lọi
蒸し暑い,むしあつい,oi bức/nóng ẩm
清潔な,せいけつな,sạch sẽ/vệ sinh
新鮮な,しんせんな,tươi/trong lành/tươi mới
豊かな,ゆたかな,giàu có/phong phú/dồi dào
立派な,りっぱな,xuất sắc/đàng hoàng/trưởng thành/tuyệt vời/(tội) rõ ràng
正確な,せいかくな,chính xác/đúng đắn
確かな,たしかな,chắc chắn/đáng tin cậy/có lẽ
重要な,じゅうような,quan trọng/trọng yếu
必要な,ひつような,cần thiết/quan trọng
もったいない,もったいない,lãng phí/phí phạm (thật đáng tiếc)
すごい,すごい,ghê gớm/tuyệt vời/kinh khủng/siêu
ひどい,ひどい,tồi tệ/khủng khiếp/ độc ác/quá mức
激しい,はげしい,dữ dội/mãnh liệt/gắt/nhiều
そっくりな,そっくりな,giống hệt/giống như đúc
急な,きゅうな,đột ngột/gấp/dốc đứng/nhanh (dòng chảy)
適当な,てきとうな,phù hợp/thích hợp/qua loa/vô trách nhiệm
特別な,とくべつな,đặc biệt
完全な,かんぜんな,hoàn toàn/trọn vẹn/đầy đủ
盛んな,さかんな,thịnh hành/phát triển mạnh/nhiệt tình/nhiều
様々な,さまざまな,đa dạng/nhiều loại/khác nhau
可能な,かのうな,có thể/khả thi
不可能な,ふかのうな,không thể/bất khả thi
基本的な,きほんてきな,cơ bản/nền tảng
国際的な,こくさいてきな,mang tính quốc tế/quốc tế
ばらばらな,ばらばらな,rời rạc/tách biệt/khác nhau
ぼろぼろな,ぼろぼろな,rách nát/tơi tả/tan nát/kiệt sức
非常に,ひじょうに,rất/vô cùng/khẩn cấp (danh từ 非常)
大変に,たいへんに,rất/vô cùng/kinh khủng (trạng từ)
大変,たいへん,rất/vô cùng/kinh khủng (trạng từ có thể dùng như 大変に)
ほとんど,ほとんど,hầu hết/gần như (toàn bộ)/hầu như không (khi đi với phủ định)
大体,だいたい,phần lớn/đại khái/khoảng
かなり,かなり,khá/tương đối
随分,ずいぶん,khá nhiều/đáng kể/quá (so với mong đợi)
結構,けっこう,khá/tương đối (tốt hơn mong đợi)
大分,だいぶ,khá nhiều/phần lớn
大分,だいぶん,khá nhiều/phần lớn (cách đọc khác của 大分)
599 もっと,もっと,hơn nữa/thêm nữa